{
  "cod": {
    "r2": 0.9248458125830107,
    "mape": 8.39444077882647,
    "mae": 5.676434819469704,
    "rmse": 7.240173944914358
  },
  "bod": {
    "r2": 0.9483113866309681,
    "mape": 7.576482400099903,
    "mae": 1.127245750031708,
    "rmse": 1.4841724314449702
  }
}