{
  "cod": {
    "r2": 0.9989677616820737,
    "mape": 0.14860311019020425,
    "mae": 0.06648122638732093,
    "rmse": 0.22494449804140818
  },
  "bod": {
    "r2": 0.9988769593318634,
    "mape": 0.5055648813058055,
    "mae": 0.021703615567561223,
    "rmse": 0.06808135787680482
  }
}