{
  "lstm": {
    "r2": 0.8968998580329527,
    "mse": 4.075948465765715,
    "mae": 1.4583270503367662,
    "rmse": 2.018897834405128,
    "preds": [
      15.444010072946554,
      21.513351899385444,
      24.033209940791117,
      15.976177996397023,
      17.4789460003376,
      19.627295640110965,
      23.29347185194491,
      15.894472986459737,
      14.669295571744449,
      11.74030031561853,
      26.265219619870166,
      19.52058964669704,
      13.305665731430064,
      12.897272107005131,
      9.816384148597736,
      18.029253125190735,
      12.47887507081033,
      12.533273181319249,
      15.688671088218694,
      11.382081586122528,
      17.73508188724518,
      24.35078619420527,
      24.497691968083366,
      18.665548214316367,
      16.820173418521883,
      13.222365067899238,
      19.863429105281824,
      27.341974839568117,
      13.667095890641223,
      19.702000525593753,
      22.386783435940732,
      17.95801497399807,
      27.98904365599153,
      26.175131061673145,
      23.88617211282252,
      20.628869950771325,
      26.08634669482706,
      26.56842209994791,
      30.702874064445467,
      13.053230503201496,
      19.930047878623004,
      13.59745936691762,
      15.263921621441847,
      14.459084324538715,
      15.94060859829188,
      15.641174690425402,
      12.245226737856878,
      22.067669066786756,
      10.832091391086594,
      13.662067773938189,
      10.415128713846224,
      9.842905011773128,
      10.017245966196079,
      11.040850672125831,
      9.715639454126377,
      9.42633157968523,
      9.780852794647236,
      9.44082420170309,
      9.263808208704015,
      16.124336397647863,
      12.328135326504722,
      10.238885551691073,
      10.326827916502971,
      10.490057462453859,
      25.083600875735268,
      20.201485690474506,
      15.30196860581637,
      22.57353936135768,
      20.615547579526897,
      16.943064212799076
    ],
    "trues": [
      15.999999925494198,
      24.999999946355803,
      22.99999987185,
      15.999999925494198,
      16.9999999627471,
      21.000000111758702,
      22.000000149011605,
      14.999999888241298,
      14.999999888241298,
      9.999999701976794,
      27.000000020861606,
      18.0,
      11.999999776482596,
      13.000000128149997,
      5.999999552965191,
      16.9999999627471,
      13.000000128149997,
      11.999999776482596,
      14.999999888241298,
      9.999999701976794,
      19.0000000372529,
      24.000000223517404,
      20.000000074505802,
      11.999999776482596,
      15.999999925494198,
      13.000000128149997,
      18.0,
      29.000000095367405,
      13.000000128149997,
      21.000000111758702,
      21.000000111758702,
      15.999999925494198,
      33.00000024437901,
      24.999999946355803,
      22.000000149011605,
      20.000000074505802,
      27.000000020861606,
      22.99999987185,
      37.00000039339061,
      11.999999776482596,
      21.000000111758702,
      15.999999925494198,
      15.999999925494198,
      14.999999888241298,
      14.999999888241298,
      14.999999888241298,
      11.999999776482596,
      20.000000074505802,
      11.000000053644197,
      15.999999925494198,
      11.000000053644197,
      11.000000053644197,
      8.999999979138394,
      11.000000053644197,
      8.000000256299995,
      8.000000256299995,
      6.999999904632594,
      8.999999979138394,
      8.000000256299995,
      21.000000111758702,
      13.999999850988397,
      8.999999979138394,
      9.999999701976794,
      11.000000053644197,
      24.999999946355803,
      19.0000000372529,
      16.9999999627471,
      24.999999946355803,
      21.000000111758702,
      16.9999999627471
    ]
  },
  "informer": {
    "r2": 0.8901742021696292,
    "mse": 4.341839726188456,
    "mae": 1.513449937924739,
    "rmse": 2.0837081672317876,
    "preds": [
      14.553325983881958,
      21.713631735742084,
      22.260425592958917,
      13.971691541373739,
      17.522356267273427,
      19.632793177664276,
      21.253899882733815,
      13.730574606359014,
      13.433448186516772,
      10.767559701204316,
      26.06085585355757,
      18.559938584268092,
      13.123843598365795,
      12.816812178492558,
      7.899088293314003,
      19.190989868342875,
      13.265070731937897,
      12.840358680486691,
      15.970041725784544,
      10.741841852664965,
      18.06168749630451,
      22.90385411828755,
      23.565471208095538,
      20.90844260901212,
      15.312816849350936,
      11.93603654801847,
      19.648612000048157,
      27.164628082513786,
      12.813577482104314,
      19.069878660142418,
      21.054340998828405,
      17.267637132108213,
      27.768418371677377,
      23.671313190460193,
      21.52136852592229,
      19.05362374484539,
      24.887408113479598,
      24.015490168333038,
      30.474080920219393,
      11.54862191677095,
      20.011453880369658,
      13.676874181628238,
      15.516496135294442,
      15.039406400918967,
      16.558899684250356,
      16.199438703060153,
      12.80355080366136,
      21.72528896778821,
      12.081323087215438,
      16.062612743675714,
      11.401750099658981,
      12.290356537699711,
      10.717559620738047,
      13.491882121562968,
      8.967343002557776,
      8.43783879876139,
      8.565247100591682,
      11.450213322043433,
      8.165110629797004,
      17.78003152757883,
      12.101661303639425,
      9.0803888499737,
      9.223659363389036,
      9.847767746448536,
      27.97682487964628,
      20.16021029800176,
      14.079780015349398,
      22.796955703198897,
      19.434390081465242,
      15.490993031859404
    ],
    "trues": [
      15.999999925494198,
      24.999999946355803,
      22.99999987185,
      15.999999925494198,
      16.9999999627471,
      21.000000111758702,
      22.000000149011605,
      14.999999888241298,
      14.999999888241298,
      9.999999701976794,
      27.000000020861606,
      18.0,
      11.999999776482596,
      13.000000128149997,
      5.999999552965191,
      16.9999999627471,
      13.000000128149997,
      11.999999776482596,
      14.999999888241298,
      9.999999701976794,
      19.0000000372529,
      24.000000223517404,
      20.000000074505802,
      11.999999776482596,
      15.999999925494198,
      13.000000128149997,
      18.0,
      29.000000095367405,
      13.000000128149997,
      21.000000111758702,
      21.000000111758702,
      15.999999925494198,
      33.00000024437901,
      24.999999946355803,
      22.000000149011605,
      20.000000074505802,
      27.000000020861606,
      22.99999987185,
      37.00000039339061,
      11.999999776482596,
      21.000000111758702,
      15.999999925494198,
      15.999999925494198,
      14.999999888241298,
      14.999999888241298,
      14.999999888241298,
      11.999999776482596,
      20.000000074505802,
      11.000000053644197,
      15.999999925494198,
      11.000000053644197,
      11.000000053644197,
      8.999999979138394,
      11.000000053644197,
      8.000000256299995,
      8.000000256299995,
      6.999999904632594,
      8.999999979138394,
      8.000000256299995,
      21.000000111758702,
      13.999999850988397,
      8.999999979138394,
      9.999999701976794,
      11.000000053644197,
      24.999999946355803,
      19.0000000372529,
      16.9999999627471,
      24.999999946355803,
      21.000000111758702,
      16.9999999627471
    ]
  },
  "mamba": {
    "r2": 0.8606690566167715,
    "mse": 5.508292559849946,
    "mae": 1.6299847734400166,
    "rmse": 2.3469751937014474,